...1,...2,country.date,value,google.search.rate
1,1,CA:01/01/2004,NA,22-18-35-85-56
2,2,CA:02/01/2004,NA,NA-NA-NA-NA-NA
3,3,CA:03/01/2004,NA,15-19-38-90-56
4,4,CA:04/01/2004,NA,22-20-40-94-52
5,5,CA:05/01/2004,NA,26-15-35-100-51
6,6,CA:06/01/2004,NA,14-20-40-96-47
7,7,CA:07/01/2004,NA,NA-19-39-96-45
8,8,CA:08/01/2004,NA,14-12-40-90-43
9,9,CA:09/01/2004,NA,16-NA-38-83-50
10,10,CA:10/01/2004,NA,23-19-NA-80-51
11,11,CA:11/01/2004,NA,24-26-38-81-56
12,12,CA:12/01/2004,NA,NA-14-34-64-45
13,13,CA:01/01/2005,2.217252588,16-18-31-NA-50
14,14,CA:02/01/2005,2.013022313,20-17-36-85-48
15,15,CA:03/01/2005,2.21664112,27-16-37-89-47
16,16,CA:04/01/2005,2.420259927,22-NA-35-83-45
17,17,CA:05/01/2005,2.522475756,NA-16-35-94-NA
18,18,CA:06/01/2005,1.709611726,19-16-NA-96-42
19,19,CA:07/01/2005,1.81121973,17-19-38-84-42
20,20,CA:08/01/2005,2.116959128,15-20-38-82-49
21,21,CA:09/01/2005,2.730888742,19-20-35-83-43
22,22,CA:10/01/2005,3.346043765,NA-20-36-75-47
23,23,CA:11/01/2005,2.624065415,27-NA-37-71-50
24,24,CA:12/01/2005,2.010774187,19-19-32-NA-46
25,25,CA:01/01/2006,2.112989392,21-20-35-83-57
26,26,CA:02/01/2006,2.828495824,20-21-NA-85-54
27,27,CA:03/01/2006,2.213982901,NA-18-37-90-59
28,28,CA:04/01/2006,2.213982901,23-23-37-93-44
29,29,CA:05/01/2006,2.519707675,23-20-37-97-44
30,30,CA:06/01/2006,2.929376837,19-NA-36-94-54
31,31,CA:07/01/2006,2.518481121,14-18-41-83-56
32,32,CA:08/01/2006,2.416167267,NA-18-36-83-NA
33,33,CA:09/01/2006,2.212150998,16-17-36-81-52
34,34,CA:10/01/2006,0.8939387331,18-17-NA-78-44
35,35,CA:11/01/2006,1.198141563,22-17-36-NA-49
36,36,CA:12/01/2006,1.603745337,20-13-32-54-43
37,37,CA:01/01/2007,1.90886169,NA-NA-32-87-44
38,38,CA:02/01/2007,1.301055358,21-19-35-80-70
39,39,CA:03/01/2007,2.214591929,20-17-37-82-41
40,40,CA:04/01/2007,2.417801853,20-18-33-82-39
41,41,CA:05/01/2007,2.315994893,18-18-36-88-39
42,42,CA:06/01/2007,2.214187933,NA-22-NA-88-48
43,43,CA:07/01/2007,2.214187933,18-22-39-80-46
44,44,CA:08/01/2007,2.214187933,14-NA-43-76-37
45,45,CA:09/01/2007,1.704137095,18-22-35-76-39
46,46,CA:10/01/2007,2.419643587,18-21-35-NA-44
47,47,CA:11/01/2007,2.317018694,NA-22-35-68-NA
48,48,CA:12/01/2007,2.419131487,18-20-36-56-42
49,49,CA:01/01/2008,2.316916785,25-27-39-83-50
50,50,CA:02/01/2008,2.112282951,25-22-NA-77-67
51,51,CA:03/01/2008,1.808075554,24-NA-37-79-38
52,52,CA:04/01/2008,1.404075254,NA-30-36-87-41
53,53,CA:05/01/2008,1.706773986,25-22-40-84-39
54,54,CA:06/01/2008,2.314583393,22-26-40-84-42
55,55,CA:07/01/2008,3.237259996,22-23-41-81-40
56,56,CA:08/01/2008,3.443528248,16-18-38-75-34
57,57,CA:09/01/2008,3.547283041,NA-22-44-NA-44
58,58,CA:10/01/2008,3.443942439,24-NA-NA-75-37
59,59,CA:11/01/2008,3.858963271,26-23-40-68-41
60,60,CA:12/01/2008,3.237673361,23-27-34-61-40
61,61,CA:01/01/2009,2.412597051,23-28-33-87-46
62,62,CA:02/01/2009,2.309979218,NA-25-37-80-NA
63,63,CA:03/01/2009,2.615686327,22-30-37-89-45
64,64,CA:04/01/2009,2.411272609,20-27-39-81-38
65,65,CA:05/01/2009,1.496886247,18-NA-41-88-40
66,66,CA:06/01/2009,1.195410347,18-21-NA-84-44
67,67,CA:07/01/2009,0.7934424808,NA-16-43-79-46
68,68,CA:08/01/2009,0.1904906814,13-17-45-NA-37
69,69,CA:09/01/2009,0.3912732278,14-17-42-80-38
70,70,CA:10/01/2009,0.2909822456,19-18-42-74-37
71,71,CA:11/01/2009,0.09060066266,22-18-44-73-39
72,72,CA:12/01/2009,0.8937348706,NA-NA-38-60-37
73,73,CA:01/01/2010,1.300154749,21-19-38-82-41
74,74,CA:02/01/2010,1.909784567,21-21-NA-82-52
75,75,CA:03/01/2010,1.606180442,24-27-42-82-42
76,76,CA:04/01/2010,1.403373695,19-26-42-83-37
77,77,CA:05/01/2010,1.809393209,NA-18-45-80-NA
78,78,CA:06/01/2010,1.404986483,17-21-44-81-46
79,79,CA:07/01/2010,1.000579758,15-NA-47-NA-48
80,80,CA:08/01/2010,1.811015704,14-17-49-72-38
81,81,CA:09/01/2010,1.709204688,17-21-44-72-38
82,82,CA:10/01/2010,1.912623097,NA-21-NA-66-37
83,83,CA:11/01/2010,2.422696286,24-18-46-67-42
84,84,CA:12/01/2010,2.015043763,24-17-47-55-35
85,85,CA:01/01/2011,2.322009793,22-18-38-77-48
86,86,CA:02/01/2011,2.322009793,24-NA-40-75-72
87,87,CA:03/01/2011,2.22009544,NA-21-39-80-36
88,88,CA:04/01/2011,3.34451649,23-20-44-70-33
89,89,CA:05/01/2011,3.34451649,17-15-44-71-34
90,90,CA:06/01/2011,3.756658131,18-16-NA-NA-41
91,91,CA:07/01/2011,3.133495019,17-18-55-64-36
92,92,CA:08/01/2011,2.82563384,NA-15-57-70-NA
93,93,CA:09/01/2011,3.23734809,17-NA-54-66-40
94,94,CA:10/01/2011,3.23734809,21-18-51-67-37
95,95,CA:11/01/2011,3.031696002,21-18-51-63-41
96,96,CA:12/01/2011,3.031696002,21-14-54-52-41
97,97,CA:01/01/2012,2.413505826,NA-18-44-69-55
98,98,CA:02/01/2012,2.51561301,21-21-NA-75-79
99,99,CA:03/01/2012,2.617821996,20-18-47-69-42
100,100,CA:04/01/2012,1.907312843,20-NA-45-68-36
101,101,CA:05/01/2012,2.008915348,18-16-50-NA-33
102,102,CA:06/01/2012,1.198516815,NA-17-49-64-46
103,103,CA:07/01/2012,1.504252516,13-17-51-66-53
104,104,CA:08/01/2012,1.200347568,12-15-50-61-38
105,105,CA:09/01/2012,1.099449913,18-16-46-63-34
106,106,CA:10/01/2012,1.099449913,18-19-NA-61-35
107,107,CA:11/01/2012,1.099449913,NA-NA-46-60-NA
108,108,CA:12/01/2012,0.796454559,16-14-45-45-35
109,109,CA:01/01/2013,0.796454559,18-17-37-67-51
110,110,CA:02/01/2013,0.4952699339,19-19-39-63-49
111,111,CA:03/01/2013,1.296029057,20-19-44-64-57
112,112,CA:04/01/2013,1.094244138,NA-20-42-NA-49
113,113,CA:05/01/2013,0.4900952691,16-18-46-63-36
114,114,CA:06/01/2013,0.7918673269,15-NA-NA-61-44
115,115,CA:07/01/2013,1.196653943,14-17-51-58-50
116,116,CA:08/01/2013,1.399249846,14-16-51-58-32
117,117,CA:09/01/2013,1.196856134,NA-17-53-61-38
118,118,CA:10/01/2013,1.196856134,19-19-49-56-43
119,119,CA:11/01/2013,0.7928766686,19-17-46-54-52
120,120,CA:12/01/2013,0.9948664014,18-14-49-45-50
121,121,CA:01/01/2014,1.401284375,24-NA-40-64-54
122,122,CA:02/01/2014,1.603884344,NA-20-NA-64-NA
123,123,CA:03/01/2014,1.202287963,22-21-43-NA-68
124,124,CA:04/01/2014,1.606289112,22-19-47-63-38
125,125,CA:05/01/2014,2.115338657,19-20-53-62-40
126,126,CA:06/01/2014,2.421073204,20-19-54-61-54
127,127,CA:07/01/2014,2.523494277,NA-18-58-59-53
128,128,CA:08/01/2014,2.216231058,17-NA-58-55-38
129,129,CA:09/01/2014,2.216231058,19-19-50-61-39
130,130,CA:10/01/2014,2.114218851,20-20-NA-55-44
131,131,CA:11/01/2014,2.421175421,22-18-53-54-53
132,132,CA:12/01/2014,2.011490719,NA-17-55-44-50
133,133,CA:01/01/2015,1.500411106,25-36-45-58-57
134,134,CA:02/01/2015,0.9944270028,23-27-44-NA-86
135,135,CA:03/01/2015,1.094619887,21-NA-48-62-56
136,136,CA:04/01/2015,1.195111557,23-26-50-61-41
137,137,CA:05/01/2015,0.7915418196,NA-21-56-59-NA
138,138,CA:06/01/2015,0.891831911,21-20-NA-57-56
139,139,CA:07/01/2015,0.9926229518,18-33-63-55-62
140,140,CA:08/01/2015,1.296207991,17-20-70-59-38
141,141,CA:09/01/2015,1.296207991,19-27-56-58-39
142,142,CA:10/01/2015,0.9926229518,NA-NA-51-53-43
143,143,CA:11/01/2015,0.9926229518,24-23-58-53-45
144,144,CA:12/01/2015,1.296817599,26-28-63-44-45
145,145,CA:01/01/2016,1.500839387,26-34-51-NA-58
146,146,CA:02/01/2016,1.907656379,23-27-NA-60-100
147,147,CA:03/01/2016,1.2006657,NA-26-49-55-41
148,148,CA:04/01/2016,1.100168515,22-24-53-54-40
149,149,CA:05/01/2016,1.504973994,19-NA-56-55-39
150,150,CA:06/01/2016,1.303174841,18-20-64-53-63
151,151,CA:07/01/2016,1.303174841,16-19-67-46-56
152,152,CA:08/01/2016,0.9995689225,NA-18-59-47-NA
153,153,CA:09/01/2016,0.7975697846,19-22-58-49-43
154,154,CA:10/01/2016,1.100568491,21-24-NA-49-45
155,155,CA:11/01/2016,1.20156806,24-24-66-47-46
156,156,CA:12/01/2016,0.8976594475,22-NA-65-NA-45
157,157,CA:01/01/2017,1.201873496,NA-24-47-50-53
158,158,CA:02/01/2017,1.908872612,22-25-48-51-81
159,159,CA:03/01/2017,1.908872612,25-31-54-52-51
160,160,CA:04/01/2017,1.503668347,24-27-57-48-39
161,161,CA:05/01/2017,1.604868416,19-22-64-50-36
162,162,CA:06/01/2017,1.301268211,NA-27-NA-47-56
163,163,CA:07/01/2017,0.997971001,17-NA-74-44-49
164,164,CA:08/01/2017,1.200371744,16-22-65-45-38
165,165,CA:09/01/2017,1.504581279,18-39-64-48-42
166,166,CA:10/01/2017,1.605984457,21-31-60-44-42
167,167,CA:11/01/2017,1.504581279,NA-25-67-NA-NA
168,168,CA:12/01/2017,2.21796689,22-23-74-35-45
169,169,CA:01/01/2018,2.013121265,27-42-57-50-52
170,170,CA:02/01/2018,1.81091488,27-NA-NA-49-91
171,171,CA:03/01/2018,2.217345678,26-32-58-47-41
172,172,CA:04/01/2018,2.319358997,NA-32-56-45-37
173,173,CA:05/01/2018,2.217447285,22-27-63-46-35
174,174,CA:06/01/2018,2.217447285,19-26-67-44-58
175,175,CA:07/01/2018,2.422086819,19-36-71-42-61
176,176,CA:08/01/2018,2.934197253,23-26-69-44-38
177,177,CA:09/01/2018,2.728534521,NA-NA-66-43-54
178,178,CA:10/01/2018,2.113393596,26-46-NA-NA-47
179,179,CA:11/01/2018,2.31741636,26-31-73-44-46
180,180,CA:12/01/2018,1.603336685,24-30-81-35-42
181,181,CA:01/01/2019,1.909370832,25-34-52-43-55
182,182,CA:02/01/2019,1.302165047,NA-30-49-44-NA
183,183,CA:03/01/2019,1.402863024,23-33-54-46-38
184,184,CA:04/01/2019,1.807261282,25-NA-57-45-37
185,185,CA:05/01/2019,1.908764035,22-28-60-43-40
186,186,CA:06/01/2019,2.214184906,20-28-NA-42-57
187,187,CA:07/01/2019,1.907848687,NA-29-72-39-54
188,188,CA:08/01/2019,1.907848687,18-30-77-48-37
189,189,CA:09/01/2019,1.907848687,22-32-58-NA-44
190,190,CA:10/01/2019,1.907848687,23-33-61-41-44
191,191,CA:11/01/2019,1.907848687,24-NA-66-40-39
192,192,CA:12/01/2019,2.214800039,NA-23-77-35-42
193,193,CA:01/01/2020,2.317117156,25-32-55-44-49
194,194,CA:02/01/2020,2.52154696,26-34-NA-47-82
195,195,CA:03/01/2020,2.216120306,23-72-100-38-34
196,196,CA:04/01/2020,0.8965477501,27-39-77-30-32
197,197,CA:05/01/2020,-0.2088925141,NA-30-71-35-NA
198,198,CA:06/01/2020,-0.3082860474,20-NA-77-39-31
199,199,CA:07/01/2020,0.690628922,22-29-77-39-29
200,200,CA:08/01/2020,0.1896805194,22-30-71-NA-36
201,201,CA:09/01/2020,0.1896805194,23-30-67-39-43
202,202,CA:10/01/2020,0.4914566656,NA-32-NA-39-48
203,203,CA:11/01/2020,0.5916475496,23-28-66-34-39
204,204,CA:12/01/2020,0.7930322294,28-29-70-30-37
205,205,CA:01/01/2021,0.5914461649,25-NA-66-36-53
206,206,CA:02/01/2021,0.8923178882,34-34-69-37-54
207,207,CA:03/01/2021,0.9928082447,NA-36-66-40-60
208,208,CA:04/01/2021,2.110434895,33-33-63-34-53
209,209,CA:05/01/2021,3.344397855,42-26-67-36-33
210,210,CA:06/01/2021,3.550468439,35-28-NA-37-34
211,211,CA:07/01/2021,3.036825242,30-23-82-NA-51
212,212,CA:08/01/2021,3.655046194,NA-NA-76-36-NA
213,213,CA:09/01/2021,3.966322609,34-25-72-38-39
214,214,CA:10/01/2021,4.278533788,52-31-70-38-40
215,215,CA:11/01/2021,4.590123032,57-30-81-38-41
216,216,CA:12/01/2021,4.694608669,52-27-83-32-33
217,217,CA:01/01/2022,4.799513087,NA-64-66-43-42
218,218,CA:02/01/2022,5.112036486,72-51-NA-47-60
219,219,CA:03/01/2022,5.634981941,72-NA-65-47-67
220,220,CA:04/01/2022,6.580966854,74-69-71-44-36
221,221,CA:05/01/2022,6.687017567,73-55-81-45-34
222,222,CA:06/01/2022,7.642423694,NA-83-84-NA-36
223,223,CA:07/01/2022,8.071705544,83-100-85-40-53
224,224,CA:08/01/2022,7.53456983,75-53-81-43-44
225,225,CA:09/01/2022,6.99797018,78-100-80-45-40
226,226,MX:01/01/2004,NA,44-NA-NA-9-60
227,227,MX:02/01/2004,NA,NA-53-17-7-NA
228,228,MX:03/01/2004,NA,100-0-17-8-73
229,229,MX:04/01/2004,NA,0-0-31-9-46
230,230,MX:05/01/2004,NA,52-0-30-6-57
231,231,MX:06/01/2004,NA,32-0-29-8-65
232,232,MX:07/01/2004,NA,NA-0-37-8-72
233,233,MX:08/01/2004,NA,64-NA-25-NA-77
234,234,MX:09/01/2004,NA,27-100-NA-8-72
235,235,MX:10/01/2004,NA,0-0-29-6-66
236,236,MX:11/01/2004,NA,0-0-32-6-42
237,237,MX:12/01/2004,NA,NA-0-30-6-53
238,238,MX:01/01/2005,5.21442837,20-0-19-7-53
239,239,MX:02/01/2005,4.586906928,0-28-23-6-73
240,240,MX:03/01/2005,4.275017544,46-NA-26-7-48
241,241,MX:04/01/2005,4.4829438,47-24-21-7-48
242,242,MX:05/01/2005,4.69149259,NA-72-NA-6-NA
243,243,MX:06/01/2005,4.69149259,0-0-21-7-51
244,244,MX:07/01/2005,4.378045008,21-0-23-NA-62
245,245,MX:08/01/2005,4.482110855,22-51-25-6-82
246,246,MX:09/01/2005,3.96281607,18-0-19-5-66
247,247,MX:10/01/2005,3.550265212,NA-NA-28-6-48
248,248,MX:11/01/2005,3.036112952,18-22-23-5-53
249,249,MX:12/01/2005,2.831878833,31-0-23-5-35
250,250,MX:01/01/2006,3.242385335,17-0-NA-7-47
251,251,MX:02/01/2006,3.861839647,27-39-23-5-52
252,252,MX:03/01/2006,3.758288461,NA-23-25-6-48
253,253,MX:04/01/2006,3.345320149,36-22-20-7-48
254,254,MX:05/01/2006,3.036519392,15-NA-25-6-62
255,255,MX:06/01/2006,2.933172833,39-43-11-NA-38
256,256,MX:07/01/2006,3.139245251,0-0-23-6-56
257,257,MX:08/01/2006,3.036516919,NA-33-28-5-NA
258,258,MX:09/01/2006,3.448251252,0-22-NA-5-69
259,259,MX:10/01/2006,4.0664678929999996,27-53-22-6-57
260,260,MX:11/01/2006,4.274185394,15-0-23-6-51
261,261,MX:12/01/2006,4.067086714,0-NA-16-5-36
262,262,MX:01/01/2007,4.067086714,NA-34-24-6-48
263,263,MX:02/01/2007,3.963640306,18-0-24-7-47
264,264,MX:03/01/2007,4.067396434,25-35-23-5-46
265,265,MX:04/01/2007,4.171359867,11-15-15-8-46
266,266,MX:05/01/2007,3.963225281,5-10-NA-NA-48
267,267,MX:06/01/2007,3.858844533,NA-12-20-6-45
268,268,MX:07/01/2007,3.858844533,10-NA-21-8-48
269,269,MX:08/01/2007,3.962392733,10-30-24-6-50
270,270,MX:09/01/2007,3.858947566,4-0-23-5-43
271,271,MX:10/01/2007,3.653286284,12-18-21-6-45
272,272,MX:11/01/2007,3.653286284,NA-0-20-5-NA
273,273,MX:12/01/2007,3.85956148,0-0-20-5-35
274,274,MX:01/01/2008,3.653081239,0-10-NA-7-35
275,275,MX:02/01/2008,3.653081239,17-NA-21-6-42
276,276,MX:03/01/2008,3.653081239,13-12-24-7-40
277,277,MX:04/01/2008,4.170312183,NA-0-20-NA-44
278,278,MX:05/01/2008,4.483135944,6-0-17-6-36
279,279,MX:06/01/2008,4.903168651,17-15-20-6-38
280,280,MX:07/01/2008,5.217563762,17-0-16-7-35
281,281,MX:08/01/2008,5.427160502,9-16-17-6-36
282,282,MX:09/01/2008,5.637174766,NA-NA-NA-6-41
283,283,MX:10/01/2008,5.532375982,18-9-22-7-35
284,284,MX:11/01/2008,5.847711767,17-22-18-7-37
285,285,MX:12/01/2008,6.26815948,6-9-16-6-29
286,286,MX:01/01/2009,6.585693821,12-0-21-8-32
287,287,MX:02/01/2009,6.26752757,NA-11-20-8-NA
288,288,MX:03/01/2009,6.161577892,18-4-19-NA-36
289,289,MX:04/01/2009,6.056154279,10-NA-19-6-28
290,290,MX:05/01/2009,6.26784321,6-7-NA-6-30
291,291,MX:06/01/2009,6.055094775,5-4-17-7-31
292,292,MX:07/01/2009,5.843829646,NA-11-16-7-35
293,293,MX:08/01/2009,5.528191983,13-8-16-6-30
294,294,MX:09/01/2009,5.108596786,6-10-20-6-35
295,295,MX:10/01/2009,4.899840884,7-7-18-5-30
296,296,MX:11/01/2009,4.483158299,17-NA-21-5-30
297,297,MX:12/01/2009,3.863080208,NA-0-17-5-25
298,298,MX:01/01/2010,3.55365693,10-6-NA-6-28
299,299,MX:02/01/2010,4.483779597,15-10-19-NA-35
300,300,MX:03/01/2010,4.900880514,9-4-18-6-27
301,301,MX:04/01/2010,5.005155743,9-0-21-5-30
302,302,MX:05/01/2010,4.273048083,NA-15-20-6-NA
303,303,MX:06/01/2010,3.959287658,10-NA-20-6-27
304,304,MX:07/01/2010,3.75178409,13-13-20-5-34
305,305,MX:08/01/2010,3.64834263,11-10-22-6-28
306,306,MX:09/01/2010,3.75178409,14-4-NA-6-32
307,307,MX:10/01/2010,3.75178409,NA-5-22-5-29
308,308,MX:11/01/2010,4.062108469,11-7-26-5-25
309,309,MX:12/01/2010,4.372741628,8-0-31-5-25
310,310,MX:01/01/2011,4.476698542,3-NA-29-NA-23
311,311,MX:02/01/2011,3.856658788,6-8-30-5-25
312,312,MX:03/01/2011,3.650184318,NA-4-32-6-26
313,313,MX:04/01/2011,3.135535935,10-4-32-5-21
314,314,MX:05/01/2011,3.445873555,6-5-NA-5-27
315,315,MX:06/01/2011,3.34180326,3-2-48-5-24
316,316,MX:07/01/2011,3.34180326,5-2-55-5-26
317,317,MX:08/01/2011,3.651209857,NA-NA-68-5-NA
318,318,MX:09/01/2011,3.54786867,5-3-61-5-31
319,319,MX:10/01/2011,3.238770555,7-7-67-6-25
320,320,MX:11/01/2011,3.341393587,7-6-74-4-23
321,321,MX:12/01/2011,3.648957259,7-2-99-NA-20
322,322,MX:01/01/2012,3.958357131,NA-2-NA-5-21
323,323,MX:02/01/2012,4.165239434,4-14-97-4-24
324,324,MX:03/01/2012,3.957738957,7-NA-95-5-24
325,325,MX:04/01/2012,3.853988718,7-3-85-5-23
326,326,MX:05/01/2012,3.542426752,5-4-80-5-25
327,327,MX:06/01/2012,3.959516085,NA-6-75-5-21
328,328,MX:07/01/2012,4.479313665,4-2-71-5-23
329,329,MX:08/01/2012,4.583273181,7-5-68-5-29
330,330,MX:09/01/2012,4.687647705,9-5-NA-5-25
331,331,MX:10/01/2012,4.896605086,8-NA-60-5-23
332,332,MX:11/01/2012,4.68827022,NA-2-68-NA-NA
333,333,MX:12/01/2012,4.274073305,9-4-72-4-17
334,334,MX:01/01/2013,3.653394297,5-4-70-5-20
335,335,MX:02/01/2013,3.344595705,8-4-57-5-21
336,336,MX:03/01/2013,3.654010662,6-5-57-4-22
337,337,MX:04/01/2013,4.275313423,NA-3-47-4-23
338,338,MX:05/01/2013,4.693669746,6-NA-NA-4-24
339,339,MX:06/01/2013,4.693669746,6-5-44-5-19
340,340,MX:07/01/2013,4.068632911,6-2-47-5-19
341,341,MX:08/01/2013,3.44794524,4-0-43-5-20
342,342,MX:09/01/2013,3.44794524,NA-3-38-4-22
343,343,MX:10/01/2013,3.44794524,9-8-36-NA-23
344,344,MX:11/01/2013,3.44794524,8-4-43-4-21
345,345,MX:12/01/2013,3.653402927,6-NA-43-4-18
346,346,MX:01/01/2014,4.067188966,6-3-NA-5-18
347,347,MX:02/01/2014,4.585451859,NA-7-39-5-NA
348,348,MX:03/01/2014,4.377321607,10-2-36-5-22
349,349,MX:04/01/2014,3.96271457,6-4-34-4-22
350,350,MX:05/01/2014,3.651138003,9-4-35-5-22
351,351,MX:06/01/2014,3.651138003,7-3-35-5-18
352,352,MX:07/01/2014,3.962402681,NA-NA-38-5-20
353,353,MX:08/01/2014,4.274289889,7-2-43-4-23
354,354,MX:09/01/2014,4.378252292,7-7-NA-NA-23
355,355,MX:10/01/2014,4.378252292,7-4-39-5-23
356,356,MX:11/01/2014,4.48211125,7-6-37-4-23
357,357,MX:12/01/2014,4.37856109,NA-0-40-4-17
358,358,MX:01/01/2015,4.274805065,6-5-38-4-19
359,359,MX:02/01/2015,3.241358037,8-NA-39-5-20
360,360,MX:03/01/2015,3.138425477,10-4-40-5-20
361,361,MX:04/01/2015,3.241255413,8-7-38-4-18
362,362,MX:05/01/2015,3.137807261,NA-4-NA-5-NA
363,363,MX:06/01/2015,2.930910958,8-6-35-4-20
364,364,MX:07/01/2015,2.930910958,9-4-37-5-21
365,365,MX:08/01/2015,2.725664874,12-7-38-NA-21
366,366,MX:09/01/2015,2.521032075,11-NA-36-5-23
367,367,MX:10/01/2015,2.521032075,NA-4-35-4-22
368,368,MX:11/01/2015,2.419122501,8-5-34-4-20
369,369,MX:12/01/2015,2.114303684,8-8-39-4-17
370,370,MX:01/01/2016,2.012697411,8-4-NA-4-18
371,371,MX:02/01/2016,2.523271473,9-9-34-4-20
372,372,MX:03/01/2016,2.727908741,NA-5-34-5-20
373,373,MX:04/01/2016,2.420952838,10-NA-31-5-20
374,374,MX:05/01/2016,2.420952838,8-3-30-4-19
375,375,MX:06/01/2016,2.523888469,7-3-32-5-18
376,376,MX:07/01/2016,2.421569219,10-3-36-NA-19
377,377,MX:08/01/2016,2.626207719,NA-6-33-5-NA
378,378,MX:09/01/2016,2.728629084,10-5-NA-4-21
379,379,MX:10/01/2016,2.933267788,8-4-33-5-20
380,380,MX:11/01/2016,3.03568895,10-NA-35-5-22
381,381,MX:12/01/2016,3.34325817,11-2-42-4-18
382,382,MX:01/01/2017,3.446189702,NA-7-40-5-21
383,383,MX:02/01/2017,4.785632398,11-9-39-5-22
384,384,MX:03/01/2017,4.994368717,10-8-35-5-22
385,385,MX:04/01/2017,5.518816113,11-9-41-5-22
386,386,MX:05/01/2017,5.942161414,11-6-NA-5-21
387,387,MX:06/01/2017,6.26126431,NA-NA-39-NA-21
388,388,MX:07/01/2017,6.473574528,10-4-43-5-23
389,389,MX:08/01/2017,6.579729637,12-4-44-6-22
390,390,MX:09/01/2017,6.792251531,11-6-40-5-23
391,391,MX:10/01/2017,6.473785572,13-7-38-4-22
392,392,MX:11/01/2017,6.473785572,NA-9-45-4-NA
393,393,MX:12/01/2017,6.685043083,11-4-53-4-21
394,394,MX:01/01/2018,6.791197355,13-NA-NA-5-22
395,395,MX:02/01/2018,5.53112423,12-6-51-5-24
396,396,MX:03/01/2018,5.321320802,12-6-48-5-21
397,397,MX:04/01/2018,5.007241316,NA-7-44-5-21
398,398,MX:05/01/2018,4.58763196,10-5-41-NA-21
399,399,MX:06/01/2018,4.482939636,9-6-47-4-21
400,400,MX:07/01/2018,4.587110064,12-5-57-5-22
401,401,MX:08/01/2018,4.691280493,15-NA-52-5-23
402,402,MX:09/01/2018,4.795450921,NA-10-NA-5-23
403,403,MX:10/01/2018,4.899932926,12-9-45-5-23
404,404,MX:11/01/2018,4.795658639,11-6-46-5-22
405,405,MX:12/01/2018,4.691900561,11-9-56-5-21
406,406,MX:01/01/2019,4.795968057,11-11-48-5-23
407,407,MX:02/01/2019,4.378869676,NA-10-49-5-NA
408,408,MX:03/01/2019,3.963017606,11-NA-50-5-23
409,409,MX:04/01/2019,4.066669667,12-13-47-NA-21
410,410,MX:05/01/2019,4.484188904,12-14-NA-5-22
411,411,MX:06/01/2019,4.379495328,12-15-50-5-23
412,412,MX:07/01/2019,4.067604405,NA-12-52-5-24
413,413,MX:08/01/2019,3.96405455,10-11-51-20-21
414,414,MX:09/01/2019,3.343990606,14-17-49-100-26
415,415,MX:10/01/2019,3.241058345,13-NA-42-5-24
416,416,MX:11/01/2019,3.241058345,10-8-41-4-20
417,417,MX:12/01/2019,3.138738168,NA-10-51-4-21
418,418,MX:01/01/2020,3.036316383,9-10-NA-5-22
419,419,MX:02/01/2020,3.448049915,10-11-45-5-24
420,420,MX:03/01/2020,3.861842114,11-17-51-NA-18
421,421,MX:04/01/2020,3.448049915,11-13-47-4-17
422,422,MX:05/01/2020,3.344705209,NA-NA-49-4-NA
423,423,MX:06/01/2020,4.070294915,13-7-45-4-16
424,424,MX:07/01/2020,4.486160229,13-10-47-5-16
425,425,MX:08/01/2020,4.798369871,11-9-42-4-18
426,426,MX:09/01/2020,5.217563351,12-12-NA-5-17
427,427,MX:10/01/2020,5.112660496,NA-8-38-4-18
428,428,MX:11/01/2020,5.217250208,10-7-37-4-18
429,429,MX:12/01/2020,4.486574859,14-NA-43-4-17
430,430,MX:01/01/2021,4.27884807,14-6-43-4-18
431,431,MX:02/01/2021,4.693888262,12-9-35-NA-19
432,432,MX:03/01/2021,4.902441824,NA-11-35-4-19
433,433,MX:04/01/2021,5.741661359,13-10-39-4-20
434,434,MX:05/01/2021,6.058886343,13-9-NA-4-18
435,435,MX:06/01/2021,5.847613661,15-8-45-4-18
436,436,MX:07/01/2021,5.847613661,15-NA-46-4-20
437,437,MX:08/01/2021,5.74250183,NA-8-36-5-NA
438,438,MX:09/01/2021,5.531859396,16-13-34-4-24
439,439,MX:10/01/2021,5.953144264,14-9-33-5-20
440,440,MX:11/01/2021,6.163786698,19-9-33-5-21
441,441,MX:12/01/2021,7.224363987,20-8-43-5-21
442,442,MX:01/01/2022,7.224363987,NA-10-NA-NA-21
443,443,MX:02/01/2022,6.90556013,18-NA-40-5-23
444,444,MX:03/01/2022,7.118096035,42-14-37-5-25
445,445,MX:04/01/2022,7.33063194,29-10-36-5-23
446,446,MX:05/01/2022,7.544651146,27-12-36-5-21
447,447,MX:06/01/2022,7.544651146,NA-13-34-6-20
448,448,MX:07/01/2022,7.865679955,30-11-36-5-20
449,449,MX:08/01/2022,7.972902301,28-9-39-6-21
450,450,MX:09/01/2022,8.511689239,27-NA-NA-5-22
451,451,US:01/01/2004,NA,26-44-36-55-74
452,452,US:02/01/2004,NA,NA-44-35-53-NA
453,453,US:03/01/2004,NA,30-45-37-NA-74
454,454,US:04/01/2004,NA,33-56-38-53-70
455,455,US:05/01/2004,NA,26-51-38-52-70
456,456,US:06/01/2004,NA,26-55-36-53-65
457,457,US:07/01/2004,NA,NA-NA-39-50-74
458,458,US:08/01/2004,NA,20-44-NA-50-62
459,459,US:09/01/2004,NA,21-43-35-51-71
460,460,US:10/01/2004,NA,25-40-38-48-67
461,461,US:11/01/2004,NA,28-49-41-44-66
462,462,US:12/01/2004,NA,NA-40-36-41-67
463,463,US:01/01/2005,3.138727515,22-40-34-54-67
464,464,US:02/01/2005,2.830850717,26-NA-37-NA-75
465,465,US:03/01/2005,2.933169971,25-47-37-49-70
466,466,US:04/01/2005,3.13780848,28-50-NA-49-66
467,467,US:05/01/2005,3.549125762,NA-47-39-49-NA
468,468,US:06/01/2005,2.828605006,23-56-38-51-66
469,469,US:07/01/2005,2.623562923,19-43-38-45-69
470,470,US:08/01/2005,3.343367472,19-46-37-46-60
471,471,US:09/01/2005,3.756327982,23-NA-35-48-64
472,472,US:10/01/2005,4.791820277,NA-44-38-44-61
473,473,US:11/01/2005,4.479008873,26-45-40-41-65
474,474,US:12/01/2005,3.539637165,22-39-NA-36-65
475,475,US:01/01/2006,3.539637165,23-47-36-NA-66
476,476,US:02/01/2006,4.159634992,24-47-36-44-74
477,477,US:03/01/2006,3.745481374,NA-48-38-46-66
478,478,US:04/01/2006,3.539637165,28-NA-42-45-64
479,479,US:05/01/2006,3.745276961,26-50-39-47-63
480,480,US:06/01/2006,4.368371717,23-55-37-48-59
481,481,US:07/01/2006,4.472635825,18-49-39-45-73
482,482,US:08/01/2006,4.264730082,NA-48-NA-46-NA
483,483,US:09/01/2006,3.953492082,20-42-38-47-73
484,484,US:10/01/2006,2.207237768,22-40-39-42-60
485,485,US:11/01/2006,1.493215149,23-NA-38-40-60
486,486,US:12/01/2006,2.209397111,22-36-38-NA-63
487,487,US:01/01/2007,2.722496494,NA-44-36-45-61
488,488,US:02/01/2007,2.212960301,23-41-38-43-65
489,489,US:03/01/2007,2.518987128,20-48-40-45-58
490,490,US:04/01/2007,2.824709754,23-44-NA-44-59
491,491,US:05/01/2007,2.518987128,22-44-40-43-56
492,492,US:06/01/2007,2.62099607,NA-NA-42-45-63
493,493,US:07/01/2007,2.62099607,18-44-43-44-65
494,494,US:08/01/2007,2.314053909,18-47-43-46-55
495,495,US:09/01/2007,1.905614572,21-55-42-44-61
496,496,US:10/01/2007,2.724956196,24-48-41-46-64
497,497,US:11/01/2007,3.44764433,NA-46-45-NA-NA
498,498,US:12/01/2007,4.172502699,23-46-NA-38-58
499,499,US:01/01/2008,3.964365831,26-NA-42-49-63
500,500,US:02/01/2008,4.171672642,28-69-39-46-75
501,501,US:03/01/2008,3.964365831,29-67-44-48-70
502,502,US:04/01/2008,3.964365831,NA-59-42-49-62
503,503,US:05/01/2008,3.964365831,26-47-42-48-55
504,504,US:06/01/2008,4.171054431,27-46-43-50-58
505,505,US:07/01/2008,5.002759456,25-46-44-48-69
506,506,US:08/01/2008,5.527773253,21-NA-NA-44-51
507,507,US:09/01/2008,5.31629475,NA-45-49-46-60
508,508,US:10/01/2008,4.896289586,30-55-59-NA-64
509,509,US:11/01/2008,4.582228839,26-39-48-43-66
510,510,US:12/01/2008,3.854519493,22-54-43-41-60
511,511,US:01/01/2009,3.854519493,22-49-39-53-65
512,512,US:02/01/2009,3.751181663,NA-52-42-50-NA
513,513,US:03/01/2009,3.958063381,28-NA-46-52-66
514,514,US:04/01/2009,3.236847877,25-49-NA-47-60
515,515,US:05/01/2009,2.826363392,22-40-42-47-58
516,516,US:06/01/2009,2.316311987,22-42-43-51-73
517,517,US:07/01/2009,2.215008707,NA-39-41-51-82
518,518,US:08/01/2009,1.503063373,17-37-40-48-57
519,519,US:09/01/2009,2.11452761,20-36-40-NA-61
520,520,US:10/01/2009,2.318961099,22-NA-42-47-61
521,521,US:11/01/2009,2.523803864,22-36-43-46-63
522,522,US:12/01/2009,2.729056725,NA-34-NA-39-61
523,523,US:01/01/2010,2.626224836,19-35-38-49-61
524,524,US:02/01/2010,2.524007481,22-38-38-48-73
525,525,US:03/01/2010,2.013937792,23-40-40-49-60
526,526,US:04/01/2010,2.217558426,22-40-41-49-63
527,527,US:05/01/2010,2.217558426,NA-NA-45-49-NA
528,528,US:06/01/2010,2.01373478,16-32-44-49-56
529,529,US:07/01/2010,1.002696774,15-31-43-46-68
530,530,US:08/01/2010,1.205106988,15-33-NA-NA-51
531,531,US:09/01/2010,1.104103887,17-33-41-43-57
532,532,US:10/01/2010,1.104103887,NA-33-42-42-57
533,533,US:11/01/2010,1.104103887,24-31-42-41-56
534,534,US:12/01/2010,1.003100787,19-NA-44-37-57
535,535,US:01/01/2011,1.407922834,19-30-45-47-63
536,536,US:02/01/2011,1.610132052,23-35-48-46-86
537,537,US:03/01/2011,2.118182712,NA-33-49-46-61
538,538,US:04/01/2011,2.728450736,27-34-NA-46-58
539,539,US:05/01/2011,3.138544352,21-30-47-48-58
540,540,US:06/01/2011,3.550686387,17-31-53-50-62
541,541,US:07/01/2011,3.550686387,17-NA-55-NA-71
542,542,US:08/01/2011,3.654237074,NA-30-60-46-NA
543,543,US:09/01/2011,3.861338447,18-31-55-47-75
544,544,US:10/01/2011,3.965096027,19-31-52-44-62
545,545,US:11/01/2011,3.653512323,20-30-53-41-60
546,546,US:12/01/2011,3.549858811,18-26-NA-36-75
547,547,US:01/01/2012,3.136486121,NA-29-48-47-67
548,548,US:02/01/2012,3.033862752,20-NA-50-43-78
549,549,US:03/01/2012,2.931341495,19-32-59-45-77
550,550,US:04/01/2012,2.727517057,20-38-53-47-60
551,551,US:05/01/2012,2.421172572,18-32-53-49-57
552,552,US:06/01/2012,1.809702885,NA-31-51-NA-66
553,553,US:07/01/2012,1.809702885,14-30-50-43-94
554,554,US:08/01/2012,1.504578901,14-26-NA-46-66
555,555,US:09/01/2012,1.808181829,18-NA-48-42-65
556,556,US:10/01/2012,2.011391772,22-35-48-43-66
557,557,US:11/01/2012,2.215823419,NA-32-48-42-NA
558,558,US:12/01/2012,1.806550853,17-28-46-34-63
559,559,US:01/01/2013,1.704540281,18-30-43-44-67
560,560,US:02/01/2013,1.603240938,22-38-44-43-79
561,561,US:03/01/2013,2.008034727,21-35-45-42-60
562,562,US:04/01/2013,1.502042491,NA-NA-NA-47-59
563,563,US:05/01/2013,1.097248702,19-37-49-NA-56
564,564,US:06/01/2013,1.400844044,14-37-48-45-62
565,565,US:07/01/2013,1.705351083,15-39-50-43-77
566,566,US:08/01/2013,1.909169422,14-31-50-45-56
567,567,US:09/01/2013,1.402662615,NA-35-49-43-68
568,568,US:10/01/2013,1.099666612,21-36-46-44-71
569,569,US:11/01/2013,0.7963676118,21-NA-48-39-79
570,570,US:12/01/2013,1.100276258,20-30-NA-38-71
571,571,US:01/01/2014,1.404489727,19-31-44-47-71
572,572,US:02/01/2014,1.505590913,NA-38-43-46-NA
573,573,US:03/01/2014,1.102790949,23-36-47-44-66
574,574,US:04/01/2014,1.405192119,24-40-52-NA-53
575,575,US:05/01/2014,1.811218914,24-37-51-47-58
576,576,US:06/01/2014,1.912826917,17-NA-52-46-63
577,577,US:07/01/2014,1.912826917,NA-30-53-47-80
578,578,US:08/01/2014,1.912826917,16-27-NA-44-60
579,579,US:09/01/2014,1.607393869,20-34-48-46-78
580,580,US:10/01/2014,1.607393869,23-38-48-43-74
581,581,US:11/01/2014,1.607393869,22-35-51-41-73
582,582,US:12/01/2014,1.301960821,NA-32-50-39-70
583,583,US:01/01/2015,0.6941490564,21-NA-45-47-69
584,584,US:02/01/2015,-0.2084877379,23-43-47-45-72
585,585,US:03/01/2015,-0.2084877379,24-45-48-NA-64
586,586,US:04/01/2015,-0.2084877379,26-47-NA-47-59
587,587,US:05/01/2015,-0.307980771,NA-40-52-47-NA
588,588,US:06/01/2015,-0.1091930956,17-38-54-46-67
589,589,US:07/01/2015,0.0901897525,17-36-57-43-86
590,590,US:08/01/2015,0.0901897525,16-NA-60-46-58
591,591,US:09/01/2015,0.1904805238,22-46-56-44-72
592,592,US:10/01/2015,-0.1097906466,NA-42-50-42-66
593,593,US:11/01/2015,0.1907816985,24-42-49-40-71
594,594,US:12/01/2015,0.4928644574,24-46-NA-36-67
595,595,US:01/01/2016,0.7961628411,19-38-55-43-66
596,596,US:02/01/2016,1.505281575,23-51-54-NA-87
597,597,US:03/01/2016,1.20197894,NA-NA-55-42-58
598,598,US:04/01/2016,1.000782163,25-49-55-42-61
599,599,US:05/01/2016,1.303179715,22-43-55-43-56
600,600,US:06/01/2016,1.202380531,16-38-60-42-68
601,601,US:07/01/2016,1.101581347,14-36-61-40-78
602,602,US:08/01/2016,0.8993781843,NA-35-NA-42-NA
603,603,US:09/01/2016,1.101378941,19-43-55-41-78
604,604,US:10/01/2016,1.506594889,22-NA-51-40-68
605,605,US:11/01/2016,1.608101484,23-47-62-37-70
606,606,US:12/01/2016,1.608101484,22-45-55-34-69
607,607,US:01/01/2017,1.913843013,NA-40-50-NA-71
608,608,US:02/01/2017,2.320684702,23-51-52-41-99
609,609,US:03/01/2017,2.525121634,24-55-53-42-61
610,610,US:04/01/2017,2.218771669,23-52-NA-41-58
611,611,US:05/01/2017,2.015351228,22-NA-58-42-58
612,612,US:06/01/2017,1.710524481,NA-42-59-39-74
613,613,US:07/01/2017,1.50771187,16-39-63-39-97
614,614,US:08/01/2017,1.609423004,16-37-58-44-68
615,615,US:09/01/2017,1.812438834,19-44-55-40-71
616,616,US:10/01/2017,2.117266496,23-50-57-41-74
617,617,US:11/01/2017,1.913235993,NA-47-62-38-NA
618,618,US:12/01/2017,2.117470935,22-NA-NA-NA-70
619,619,US:01/01/2018,2.015353464,22-42-58-43-78
620,620,US:02/01/2018,1.913946552,28-56-65-43-100
621,621,US:03/01/2018,2.117164791,24-53-60-41-63
622,622,US:04/01/2018,2.21917994,NA-55-62-42-63
623,623,US:05/01/2018,2.32109338,24-48-61-43-56
624,624,US:06/01/2018,2.627750003,18-46-63-44-68
625,625,US:07/01/2018,2.730275228,19-NA-63-41-92
626,626,US:08/01/2018,2.833108336,20-42-NA-42-60
627,627,US:09/01/2018,2.628057273,NA-50-59-39-84
628,628,US:10/01/2018,2.219587393,25-56-61-42-86
629,629,US:11/01/2018,2.526553121,24-48-60-NA-72
630,630,US:12/01/2018,2.218973462,23-49-69-33-75
631,631,US:01/01/2019,2.014330872,22-48-57-40-78
632,632,US:02/01/2019,1.709810482,NA-NA-54-39-NA
633,633,US:03/01/2019,1.60860669,25-54-58-37-64
634,634,US:04/01/2019,2.01422987,27-56-NA-42-62
635,635,US:05/01/2019,2.115837669,25-51-63-40-65
636,636,US:06/01/2019,1.912419666,18-48-64-41-75
637,637,US:07/01/2019,1.709001662,NA-50-64-38-88
638,638,US:08/01/2019,1.912419666,19-52-67-47-63
639,639,US:09/01/2019,1.810609057,20-NA-58-100-87
640,640,US:10/01/2019,1.810609057,24-56-57-NA-91
641,641,US:11/01/2019,1.810609057,24-49-61-33-68
642,642,US:12/01/2019,2.014842977,NA-41-NA-31-70
643,643,US:01/01/2020,2.219486593,22-48-58-40-73
644,644,US:02/01/2020,2.423517505,25-62-68-40-90
645,645,US:03/01/2020,2.321502049,23-100-100-34-59
646,646,US:04/01/2020,1.507812172,27-NA-81-32-60
647,647,US:05/01/2020,0.2957785938,NA-61-71-34-NA
648,648,US:06/01/2020,0.09558741898,19-55-73-39-53
649,649,US:07/01/2020,0.5960653561,20-53-70-34-54
650,650,US:08/01/2020,0.8972511805,19-49-NA-34-57
651,651,US:09/01/2020,1.199942934,23-58-66-NA-76
652,652,US:10/01/2020,1.199942934,NA-57-64-36-77
653,653,US:11/01/2020,0.99794704,23-NA-66-30-78
654,654,US:12/01/2020,0.99794704,24-45-65-30-59
655,655,US:01/01/2021,1.200145132,25-44-65-35-75
656,656,US:02/01/2021,1.200145132,32-60-68-35-81
657,657,US:03/01/2021,1.401940038,NA-62-64-33-76
658,658,US:04/01/2021,2.316386391,31-58-NA-34-66
659,659,US:05/01/2021,3.86195114,45-51-69-35-60
660,660,US:06/01/2021,4.692846749,36-NA-67-36-59
661,661,US:07/01/2021,5.109534696,30-39-71-35-83
662,662,US:08/01/2021,5.109534696,NA-38-63-NA-NA
663,663,US:09/01/2021,5.004739547,29-47-64-36-75
664,664,US:10/01/2021,5.214539226,38-51-65-36-75
665,665,US:11/01/2021,6.05625554,51-49-69-35-77
666,666,US:12/01/2021,6.693230048,44-47-NA-31-59
667,667,US:01/01/2022,6.906403335,NA-NA-64-39-70
668,668,US:02/01/2022,7.33232526,61-75-71-41-88
669,669,US:03/01/2022,7.759518595,63-85-66-41-84
670,670,US:04/01/2022,8.401581268,70-92-72-42-73
671,671,US:05/01/2022,8.186498765,73-80-78-40-62
672,672,US:06/01/2022,8.508482392,NA-81-75-40-62
673,673,US:07/01/2022,9.046185477,72-80-75-NA-79
674,674,US:08/01/2022,8.503667141,100-NA-NA-41-82
675,675,US:09/01/2022,8.287092955,72-92-66-39-82
676,676,ZA:01/01/2004,NA,33-0-59-50-50
677,677,ZA:02/01/2004,NA,NA-62-66-49-NA
678,678,ZA:03/01/2004,NA,50-59-71-45-84
679,679,ZA:04/01/2004,NA,34-0-74-54-86
680,680,ZA:05/01/2004,NA,0-0-67-37-100
681,681,ZA:06/01/2004,NA,53-NA-65-51-85
682,682,ZA:07/01/2004,NA,NA-0-NA-46-76
683,683,ZA:08/01/2004,NA,47-38-89-41-82
684,684,ZA:09/01/2004,NA,100-0-70-NA-87
685,685,ZA:10/01/2004,NA,58-0-88-46-83
686,686,ZA:11/01/2004,NA,34-0-76-43-51
687,687,ZA:12/01/2004,NA,NA-50-49-40-35
688,688,ZA:01/01/2005,2.218976312,19-NA-64-62-60
689,689,ZA:02/01/2005,2.117164582,0-15-71-48-78
690,690,ZA:03/01/2005,1.811729394,36-24-NA-51-70
691,691,ZA:04/01/2005,1.913034598,44-43-80-57-69
692,692,ZA:05/01/2005,2.116657044,NA-69-84-51-NA
693,693,ZA:06/01/2005,1.91242373,21-0-74-51-69
694,694,ZA:07/01/2005,1.606991891,34-29-78-45-77
695,695,ZA:08/01/2005,2.114012808,41-NA-100-NA-81
696,696,ZA:09/01/2005,2.523287409,60-28-77-50-71
697,697,ZA:10/01/2005,2.625810696,NA-15-84-43-77
698,698,ZA:11/01/2005,2.421172988,12-13-NA-50-69
699,699,ZA:12/01/2005,1.810311121,17-17-47-37-41
700,700,ZA:01/01/2006,2.014135568,36-27-59-60-62
701,701,ZA:02/01/2006,2.115844577,48-24-66-50-65
702,702,ZA:03/01/2006,2.217960421,NA-NA-80-49-79
703,703,ZA:04/01/2006,1.913135489,68-35-64-42-64
704,704,ZA:05/01/2006,1.811527179,41-31-75-51-66
705,705,ZA:06/01/2006,2.423620529,8-29-64-50-59
706,706,ZA:07/01/2006,3.347280433,21-35-NA-NA-68
707,707,ZA:08/01/2006,3.347280433,NA-39-71-52-NA
708,708,ZA:09/01/2006,3.862985425,59-31-65-46-72
709,709,ZA:10/01/2006,4.070503878,38-NA-74-47-63
710,710,ZA:11/01/2006,4.486370027,11-32-58-48-54
711,711,ZA:12/01/2006,4.486370027,17-58-53-35-45
712,712,ZA:01/01/2007,4.799515991,NA-40-62-53-58
713,713,ZA:02/01/2007,5.112661955,10-31-79-51-66
714,714,ZA:03/01/2007,4.902646647,39-42-NA-48-61
715,715,ZA:04/01/2007,5.321002167,43-40-68-45-58
716,716,ZA:05/01/2007,5.95166685,49-NA-68-51-65
717,717,ZA:06/01/2007,6.057196399,NA-35-59-NA-65
718,718,ZA:07/01/2007,6.057196399,33-35-62-57-51
719,719,ZA:08/01/2007,6.267836313,44-51-69-47-63
720,720,ZA:09/01/2007,6.16230718,45-53-63-49-56
721,721,ZA:10/01/2007,6.479841499,35-32-74-51-60
722,722,ZA:11/01/2007,6.903641863,NA-39-NA-49-NA
723,723,ZA:12/01/2007,7.224352788,16-NA-58-46-39
724,724,ZA:01/01/2008,7.544744281,21-38-60-65-48
725,725,ZA:02/01/2008,8.29232443,31-41-74-65-61
726,726,ZA:03/01/2008,8.834328056,50-52-73-55-60
727,727,ZA:04/01/2008,9.590872541,NA-54-68-54-63
728,728,ZA:05/01/2008,9.373430333,56-45-65-NA-56
729,729,ZA:06/01/2008,9.699918185,43-80-61-56-46
730,730,ZA:07/01/2008,10.46247968,58-NA-NA-49-59
731,731,ZA:08/01/2008,11.22881998,64-42-67-54-53
732,732,ZA:09/01/2008,11.22881998,NA-35-71-56-53
733,733,ZA:10/01/2008,11.22881998,41-31-80-53-53
734,734,ZA:11/01/2008,10.67763653,29-30-66-47-46
735,735,ZA:12/01/2008,10.34659674,18-50-62-42-45
736,736,ZA:01/01/2009,9.360380878,22-42-59-71-47
737,737,ZA:02/01/2009,8.497577084,NA-NA-66-58-NA
738,738,ZA:03/01/2009,9.037903663,55-74-NA-55-64
739,739,ZA:04/01/2009,9.145436113,45-70-72-NA-53
740,740,ZA:05/01/2009,8.928447174,52-68-75-54-55
741,741,ZA:06/01/2009,8.496191431,31-60-62-50-49
742,742,ZA:07/01/2009,7.426209267,NA-30-62-51-51
743,743,ZA:08/01/2009,6.686068062,50-53-72-50-56
744,744,ZA:09/01/2009,6.473968523,26-NA-73-47-58
745,745,ZA:10/01/2009,6.050612783,34-49-65-47-49
746,746,ZA:11/01/2009,5.628100382,25-29-NA-47-47
747,747,ZA:12/01/2009,5.628100382,NA-41-61-39-44
748,748,ZA:01/01/2010,6.263139061,24-39-57-60-42
749,749,ZA:02/01/2010,6.051880336,31-37-75-57-55
750,750,ZA:03/01/2010,5.631456628,40-49-74-NA-50
751,751,ZA:04/01/2010,5.007034224,34-NA-75-54-55
752,752,ZA:05/01/2010,4.588679506,NA-32-70-56-NA
753,753,ZA:06/01/2010,4.380335523,24-35-60-53-48
754,754,ZA:07/01/2010,3.964477612,37-46-NA-56-48
755,755,ZA:08/01/2010,3.758403326,57-43-74-60-50
756,756,ZA:09/01/2010,3.345023233,49-62-67-55-50
757,757,ZA:10/01/2010,3.345023233,NA-46-70-52-50
758,758,ZA:11/01/2010,3.551713279,25-NA-68-50-36
759,759,ZA:12/01/2010,3.758816706,15-35-63-42-35
760,760,ZA:01/01/2011,3.552125836,25-40-59-58-37
761,761,ZA:02/01/2011,3.655265403,29-44-69-NA-45
762,762,ZA:03/01/2011,3.655265403,NA-35-NA-58-43
763,763,ZA:04/01/2011,3.963457471,26-36-76-46-40
764,764,ZA:05/01/2011,4.275347843,29-34-77-53-43
765,765,ZA:06/01/2011,4.587549484,16-NA-70-54-39
766,766,ZA:07/01/2011,5.110487231,28-36-69-52-38
767,767,ZA:08/01/2011,5.2148670600000004,NA-36-78-52-NA
768,768,ZA:09/01/2011,5.2148670600000004,30-34-78-51-45
769,769,ZA:10/01/2011,5.739891346,27-32-77-52-38
770,770,ZA:11/01/2011,6.267535515,18-28-NA-51-32
771,771,ZA:12/01/2011,6.055424665,11-19-75-44-30
772,772,ZA:01/01/2012,6.161268403,NA-NA-73-NA-32
773,773,ZA:02/01/2012,6.161268403,29-32-85-71-42
774,774,ZA:03/01/2012,6.161268403,30-31-86-68-42
775,775,ZA:04/01/2012,6.056365963,28-31-85-64-42
776,776,ZA:05/01/2012,6.26784426,32-31-81-61-42
777,777,ZA:06/01/2012,5.739148518,NA-28-71-61-35
778,778,ZA:07/01/2012,5.739148518,26-37-NA-64-37
779,779,ZA:08/01/2012,4.899948926,48-NA-75-60-39
780,780,ZA:09/01/2012,5.424448671,29-32-75-62-39
781,781,ZA:10/01/2012,5.529140278,27-34-69-59-36
782,782,ZA:11/01/2012,5.424344707,NA-29-65-57-NA
783,783,ZA:12/01/2012,5.740617741,11-20-68-NA-25
784,784,ZA:01/01/2013,5.740617741,18-29-61-64-31
785,785,ZA:02/01/2013,5.530188651,26-36-72-67-38
786,786,ZA:03/01/2013,5.950209303,26-NA-NA-60-37
787,787,ZA:04/01/2013,6.05500674,NA-37-75-58-36
788,788,ZA:05/01/2013,5.73842463,28-33-73-56-41
789,789,ZA:06/01/2013,5.526947781,20-29-66-53-37
790,790,ZA:07/01/2013,5.316943905,25-33-66-53-38
791,791,ZA:08/01/2013,6.475430288,38-36-77-53-43
792,792,ZA:09/01/2013,6.263538884,NA-37-76-47-37
793,793,ZA:10/01/2013,5.841858175,20-NA-66-66-37
794,794,ZA:11/01/2013,5.526226391,15-23-NA-NA-33
795,795,ZA:12/01/2013,5.315805201,9-12-50-51-21
796,796,ZA:01/01/2014,5.105803596,14-28-50-84-28
797,797,ZA:02/01/2014,5.524969313,NA-31-55-78-NA
798,798,ZA:03/01/2014,5.629553029,20-28-56-76-34
799,799,ZA:04/01/2014,5.733930058,20-26-62-73-35
800,800,ZA:05/01/2014,6.156021595,21-NA-58-76-35
801,801,ZA:06/01/2014,6.68786539,13-23-59-74-33
802,802,ZA:07/01/2014,6.68786539,NA-29-NA-74-32
803,803,ZA:08/01/2014,6.371284187,29-33-56-74-46
804,804,ZA:09/01/2014,6.371284187,25-33-61-77-45
805,805,ZA:10/01/2014,5.947494211,18-31-56-NA-31
806,806,ZA:11/01/2014,5.736233006,15-23-53-64-30
807,807,ZA:12/01/2014,5.630602403,NA-NA-60-51-22
808,808,ZA:01/01/2015,5.419552249,17-26-54-85-30
809,809,ZA:02/01/2015,4.582058289,19-30-59-77-34
810,810,ZA:03/01/2015,4.271418511,24-31-NA-75-37
811,811,ZA:04/01/2015,4.168485226,23-29-65-67-35
812,812,ZA:05/01/2015,4.582674034,NA-32-70-68-NA
813,813,ZA:06/01/2015,4.374134305,19-26-61-68-35
814,814,ZA:07/01/2015,4.582258202,19-NA-57-73-36
815,815,ZA:08/01/2015,4.582258202,31-37-64-73-52
816,816,ZA:09/01/2015,4.373719302,25-32-61-NA-42
817,817,ZA:10/01/2015,4.373719302,NA-26-58-66-33
818,818,ZA:11/01/2015,4.582258202,16-30-NA-62-32
819,819,ZA:12/01/2015,4.68684046,10-24-65-55-22
820,820,ZA:01/01/2016,5.106006988,15-33-50-100-29
821,821,ZA:02/01/2016,6.052907952,22-NA-61-92-41
822,822,ZA:03/01/2016,6.790117839,NA-33-62-79-38
823,823,ZA:04/01/2016,6.368022511,21-33-58-78-38
824,824,ZA:05/01/2016,6.368022511,22-30-69-78-41
825,825,ZA:06/01/2016,6.368022511,12-27-56-76-35
826,826,ZA:07/01/2016,6.368022511,15-27-NA-72-35
827,827,ZA:08/01/2016,6.473546343,NA-30-57-NA-NA
828,828,ZA:09/01/2016,6.260811985,22-NA-62-76-47
829,829,ZA:10/01/2016,6.367072797,19-22-55-69-36
830,830,ZA:11/01/2016,6.579170649,16-25-70-66-32
831,831,ZA:12/01/2016,6.898588743,8-18-63-52-25
832,832,ZA:01/01/2017,7.005167595,NA-23-53-91-34
833,833,ZA:02/01/2017,6.792855754,19-29-63-83-38
834,834,ZA:03/01/2017,6.47690056,22-30-NA-73-40
835,835,ZA:04/01/2017,6.160005022,16-NA-67-60-35
836,836,ZA:05/01/2017,5.21402478,22-27-68-67-38
837,837,ZA:06/01/2017,5.319133695,NA-24-60-59-35
838,838,ZA:07/01/2017,5.004748222,17-32-58-NA-31
839,839,ZA:08/01/2017,4.172203142,25-33-66-60-48
840,840,ZA:09/01/2017,4.380756101,19-31-66-59-37
841,841,ZA:10/01/2017,4.797862019,16-27-61-55-32
842,842,ZA:11/01/2017,4.69358554,NA-NA-NA-51-NA
843,843,ZA:12/01/2017,4.276479621,7-19-70-38-27
844,844,ZA:01/01/2018,4.380340657,13-28-60-67-31
845,845,ZA:02/01/2018,4.276582863,18-29-67-62-34
846,846,ZA:03/01/2018,3.76087276,17-36-75-56-43
847,847,ZA:04/01/2018,3.76087276,NA-37-70-52-33
848,848,ZA:05/01/2018,4.279158837,21-33-78-52-35
849,849,ZA:06/01/2018,4.383229854,16-NA-57-NA-31
850,850,ZA:07/01/2018,4.383229854,17-29-NA-46-35
851,851,ZA:08/01/2018,5.113182511,24-30-72-49-42
852,852,ZA:09/01/2018,4.903166162,NA-32-66-47-39
853,853,ZA:10/01/2018,5.007547422,16-28-66-46-31
854,854,ZA:11/01/2018,5.112136612,14-33-67-42-29
855,855,ZA:12/01/2018,5.217248749,7-20-75-31-22
856,856,ZA:01/01/2019,4.58908607,15-NA-60-56-31
857,857,ZA:02/01/2019,3.964673616,NA-31-75-50-NA
858,858,ZA:03/01/2019,4.171362828,19-32-NA-46-31
859,859,ZA:04/01/2019,4.48232212,19-29-75-40-33
860,860,ZA:05/01/2019,4.48232212,17-31-77-NA-34
861,861,ZA:06/01/2019,4.48232212,15-26-66-42-34
862,862,ZA:07/01/2019,4.586595894,NA-38-67-43-39
863,863,ZA:08/01/2019,4.067813177,22-NA-82-43-45
864,864,ZA:09/01/2019,4.380329132,18-31-78-43-38
865,865,ZA:10/01/2019,4.069055785,16-30-76-39-32
866,866,ZA:11/01/2019,3.551299288,17-30-NA-33-29
867,867,ZA:12/01/2019,3.551299288,NA-18-78-24-24
868,868,ZA:01/01/2020,3.862264151,14-34-67-48-29
869,869,ZA:02/01/2020,4.174162842,15-32-80-46-32
870,870,ZA:03/01/2020,4.38085761,17-NA-83-35-34
871,871,ZA:04/01/2020,3.966647857,14-52-76-NA-33
872,872,ZA:05/01/2020,2.726489036,NA-55-67-29-NA
873,873,ZA:06/01/2020,1.907135185,15-46-62-33-31
874,874,ZA:07/01/2020,2.008737513,14-47-NA-33-34
875,875,ZA:08/01/2020,3.127477406,19-37-67-34-31
876,876,ZA:09/01/2020,3.024555772,18-40-74-33-30
877,877,ZA:10/01/2020,2.819122959,NA-NA-74-39-32
878,878,ZA:11/01/2020,3.230399451,16-30-73-36-31
879,879,ZA:12/01/2020,3.127272179,9-22-70-24-24
880,880,ZA:01/01/2021,3.024350749,10-25-61-36-27
881,881,ZA:02/01/2021,3.229988176,12-27-62-40-31
882,882,ZA:03/01/2021,2.82115654,NA-28-NA-NA-34
883,883,ZA:04/01/2021,3.025979561,15-29-81-36-31
884,884,ZA:05/01/2021,4.373401829,19-NA-73-35-31
885,885,ZA:06/01/2021,5.002789176,18-30-73-36-37
886,886,ZA:07/01/2021,4.898204725,14-25-60-32-28
887,887,ZA:08/01/2021,4.484405101,NA-27-69-35-NA
888,888,ZA:09/01/2021,4.797545176,20-28-75-39-35
889,889,ZA:10/01/2021,4.902238028,18-24-76-36-31
890,890,ZA:11/01/2021,4.797753728,20-33-NA-34-32
891,891,ZA:12/01/2021,5.216944743,9-NA-71-23-21
892,892,ZA:01/01/2022,5.742503907,NA-34-73-46-28
893,893,ZA:02/01/2022,5.531861469,22-30-83-NA-32
894,894,ZA:03/01/2022,5.531861469,27-41-94-51-34
895,895,ZA:04/01/2022,6.056373703,22-32-82-37-31
896,896,ZA:05/01/2022,5.951054563,29-46-97-40-34
897,897,ZA:06/01/2022,6.586125819,NA-39-83-39-29
898,898,ZA:07/01/2022,7.43626441,30-NA-NA-39-28
899,899,ZA:08/01/2022,8.074499644,33-40-83-45-35
900,900,ZA:09/01/2022,7.96685572,31-52-80-44-36
